{"cameraMode":{"drawMode":0,"name":"Shaded","section":"Shading Mode"},"sceneLighting":true,"audioPlay":false,"sceneViewState":{"showFog":true,"showMaterialUpdate":false,"showSkybox":true,"showFlares":true,"showImageEffects":true,"showParticleSystems":true},"in2DMode":false,"pivot":{"x":-0.4328218698501587,"y":2.923215627670288,"z":-8.754090309143067},"rotation":{"x":0.02365446649491787,"y":0.05305761843919754,"z":0.0012613164726644755,"w":-0.9983150959014893},"size":7.360291004180908,"orthographic":false}